Team,Form
Arsenal,0.26666666666666666
Bournemouth,0.4666666666666667
Brighton,0.2
Burnley,0.26666666666666666
Cardiff,0.4
Chelsea,0.4
Crystal Palace,0.6666666666666666
Everton,0.5333333333333333
Fulham,0.6
Huddersfield,0.13333333333333333
Leicester,0.3333333333333333
Liverpool,1.0
Man City,1.0
Man United,0.13333333333333333
Newcastle,0.6666666666666666
Southampton,0.2
Tottenham,0.26666666666666666
Watford,0.26666666666666666
West Ham,0.6666666666666666
Wolves,0.6666666666666666
